{
  "n_points": 300,
  "n_frames": 20,
  "chunk_start": 5,
  "chunk_count": 4,
  "categories": [
    "alpha",
    "beta",
    "gamma",
    "solvent"
  ],
  "type_0": "anchor",
  "group_id_150": 3,
  "subgroup_id_150": 42,
  "category_42": 2,
  "n_edges": 208,
  "edge_0": [
    0,
    1
  ],
  "polyline_0_first": 0,
  "polyline_0_last": 55,
  "mass_3": 4.510538578033447,
  "time_19": 0.6333333333333333,
  "position_f6_p7": [
    10.142618179321289,
    2.9144656658172607,
    -1.4899793863296509
  ],
  "position_f8_p299": [
    -8.160503387451172,
    0.06896772235631943,
    12.453827857971191
  ],
  "energy_f8_p123": 0.18419665098190308,
  "flow_f6_p0": [
    -0.3090178370475769,
    0.8393497467041016,
    0.4472135901451111
  ],
  "flow_f8_p123": [
    0.8479486107826233,
    -0.28457537293434143,
    0.4472135901451111
  ],
  "envelope_bytes": 33832
}